Campaign Name,Expenses FY20,Income FY20,In-Kind Donations FY20,Volunteer Hours FY20,Return_per_Dollar,Return_per_Hour
Appeal - Giving Tuesday,25.5,8544.94,1499.08,36.0,335.09568627450983,237.35944444444445
Benefit Dinner Totals,3341.0,107509.0,26244.0,641.0,32.178689015264894,167.7207488299532
Ecua vols/visitors,25.0,5487.46,0.0,6.0,219.4984,914.5766666666667
