Campaign Name,Expenses FY21,Income FY21,In-Kind Donations FY21,Volunteer Hours FY21,Return_per_Dollar,Return_per_Hour
Appeal - June,210.06,5526.0,0.0,27.0,26.306769494430164,204.66666666666666
Benefit Dinner Totals,1970.0,73997.26999999999,10332.789999999999,759.0,37.56206598984771,97.49310935441369
