Campaign Name,Income FY21,In-Kind Donations FY21,Volunteer Hours FY21,Expenses FY21,Return_per_Dollar,Return_per_Hour
Appeal - June,9641.0,0.0,27.0,210.06,45.89641054936685,357.0740740740741
BD item sales,601.06,704.94,11.0,1.0,601.06,54.641818181818174
Benefit Dinner Totals,73396.20999999999,9627.85,748.0,250.0,293.58484,98.1232754010695
